{"coco/AP": 0.5897525580961825, "coco/AP .5": 1.0, "coco/AP .75": 0.6819798262468336, "coco/AP (M)": -1.0, "coco/AP (L)": 0.5897525580961825, "coco/AR": 0.6285714285714286, "coco/AR .5": 1.0, "coco/AR .75": 0.7619047619047619, "coco/AR (M)": -1.0, "coco/AR (L)": 0.6285714285714286, "PCK": 0.9365079365079364, "AUC": 0.07210884353741497, "NME": 0.05443799630854946, "data_time": 0.5870258808135986, "time": 0.7559094826380411}